user,repos_collab,deleted,site_admin,hireable,email,company,github_star
sreeprasanthm,,False,False,False,,,False
sreeghe,,False,False,False,,,False
sreekup,,False,False,False,,,False
sreenupasikanti,sreenupasikanti/ChurchApp,False,False,False,,,False
sreekanthmavila,,False,False,False,,,False
sreepriya866,sreepriya866/Movie,False,False,False,,,False
sreenathsiro,,False,False,False,sreenath.prof@gmail.com,,False
sreenivasulu-ounce,,False,False,False,,,False
sreenip06,sreenip06/SMU-MSDS,False,False,False,,,False
sreyav20,,False,False,False,,,False
sretenovicd,sretenovicd/hello-world,False,False,False,,,False
sreejesh-kp,,False,False,False,,,False
sree030244,,False,False,False,,,False
sreejithpdexlock,,False,False,False,,,False
sreha21,,False,False,False,,,False
sreiz,,False,False,False,,,False
sreekanthg0806,sreekanthg0806/Python-Python-scripts,False,False,False,,,False
sreesta,,False,False,False,,,False
sreeqplay,,False,False,False,,,False
sreeja-dotcom,,False,False,False,,,False
sreekanthmc95,sreekanthmc95/spring-cloud-configuration-central-repository,False,False,False,,,False
sreeram7893,"sreeram7893/Hello-world,sreeram7893/printing_patterns,sreeram7893/Arithmetic_operations",False,False,False,,,False
sreenipydi,,False,False,False,,,False
srenis84,,False,False,False,,,False
sree213,,False,False,False,,,False
sreelakshmisnair03,,False,False,False,,,False
sreejitk123,,False,False,False,,,False
sreyon168,,False,False,False,,,False
sreejasalapala,,False,False,False,,,False
sreenivasuluborra,,False,False,False,,,False
sreejib1992,,False,False,False,,,False
sreckovs,sreckovs/demo-repo,False,False,False,,,False
sreki,,False,False,False,,,False
sreehariavikkal,,False,False,False,,,False
sreekanth-sreedharan,sreekanth-sreedharan/mcru_rebranding,False,False,False,sreekanth.sreedharan@alshaya.com,M.H. Alshaya,False
sreepk,sreepk/MyJavaProject,False,False,False,,,False
sre-ya,,False,False,False,,,False
sreeharihari,,False,False,False,,,False
srehany,,False,False,False,,,False
sreeyan,,False,False,False,,,False
sree1483,sree1483/GitHubDemo,False,False,False,,,False
sreejucdac,,False,False,False,,,False
sreerej,sreerej/ihrd-orders,False,False,False,,,False
sreeg0408,sreeg0408/threat-model,False,False,False,,,False
sreevathsan-valify,,False,False,False,,,False
sreetamaghosh,,False,False,False,,,False
sreedivya2707,,False,False,False,,,False
sreddy582,,False,False,False,,,False
sreenikarhtik,,True,False,False,,,False
sreelekshmiv,,False,False,False,,,False
sreekanthkanthan,,False,False,False,,,False
sreekarthik,,False,False,False,,,False
sreeraj111987,,False,False,False,,,False
sreenibade,,False,False,False,,,False
sreynolds-lms,sreynolds-lms/datasciencecoursera,False,False,False,,,False
sreeve2929,,False,False,False,,,False
sreu690,,False,False,False,,,False
sreejithc1996,,False,False,False,,,False
sreevenkateswara,,False,False,False,,,False
srenda127,,False,False,False,,,False
k8Overseer,k8Overseer/clean-swift-template,True,False,False,,,False
17Q,"17Q/17q.github.io,17Q/project,17Q/modules4all",False,False,False,,,False
17Q4MX2hmktmpuUKHFuoRmS5MfB5XPbhod,"17Q4MX2hmktmpuUKHFuoRmS5MfB5XPbhod/node-dropzone,17Q4MX2hmktmpuUKHFuoRmS5MfB5XPbhod/dropzone_ruby",False,False,False,,,False
17Qevans,17Qevans/Hello-world,False,False,False,,,False
LAcitycontroller,"LAcitycontroller/EconomyPanel,LAcitycontroller/pfr,LAcitycontroller/preliminary_financial_report,LAcitycontroller/revenue_forecast_report,CityOfLosAngeles/preliminary_financial_report,LAcitycontroller/LAcitycontroller.github.io",True,False,False,,,False
LAccordeur,"LAccordeur/geomesa-cymo,LAccordeur/CSCI5570-Project,LAccordeur/tiny-mdhbase,gnuoyna/blog,LAccordeur/Dockerfiles,LAccordeur/myemoticon,LAccordeur/my-first-blog,LAccordeur/artemis,LAccordeur/Data-Structure-and-Algorithm,LAccordeur/test,gnuoyna/test,LAccordeur/emm-server,LAccordeur/DesignPattern,LAccordeur/MicroMessages,LAccordeur/hbase-demo,LAccordeur/university-assistant-server",False,False,False,,,False
LAcristobal,"LAcristobal/midtermlabactivity-website,LAcristobal/midtermlab-activity-website",False,False,False,,,False
LAcrym0,"LAcrym0/TPWeather,ridergoster/FourmiliereSolution,LAcrym0/Linael,CrabeMan/EzScale-Android,LAcrym0/fastlane-demo-moc2,ridergoster/mariokartAPI,LAcrym0/ArduinoGamesControllers,LAcrym0/testsJS,LAcrym0/PokeApp,Keuwa/MachineLearning-SpeedDating,Keenaa/TpIoT,blast78/laposte-sdk-ios,CrabeMan/MicroEJ-Snake,ridergoster/sms-hacker,LAcrym0/NewsApp,LAcrym0/LaPosteEasyServices,CrabeMan/EzScale-Api,blast78/hackaton-cpp,LAcrym0/GardeManger,CrabeMan/iphone-iwatch-nearest-restaurant,Keuwa/GamingInstant",True,False,False,,,False
LAccastello,"LAccastello/IApractico3,LAccastello/laccastello,LAccastello/fixture-rusia-2018,LAccastello/simple-docker-express-mysql-boilerplate,LAccastello/teachme,LAccastello/camera-preview-test,LAccastello/IApractico2",False,False,False,me@lucasaccastello.dev,,False
LAcharya,"LAcharya/basic_analysis_of_tetrode_data,LAcharya/classify_reddit_posts,LAcharya/Glaucoma_Detection",False,False,False,,,False
LAcoding,"LAcoding/SeymourMultiMedia.github.oi,LAcoding/LAcoding.github.oi,LAcoding/Lanceheadshots.github.io",False,False,False,,,False
LAchwoga,"LAchwoga/alx-pre_course,LAchwoga/alx-system_engineering-devops,LAchwoga/alx-zero_day",False,False,False,,,False
LAcquaviva95,"LAcquaviva95/TssJavaBase,LAcquaviva95/BilancioApp",False,False,False,,,False
LAckova814,,False,False,False,,,False
LAccorinti,,True,False,False,,,False
LAccount,,False,False,False,,,False
LAcreative,,False,False,False,,LA Creative,False
LAchyuth,LAchyuth/practice,False,False,False,,,False
LAchterbosch,,False,False,False,,,False
LAcKER19,,False,False,False,,,False
LAcharniere59,LAcharniere59/ECEGIT,False,False,False,,,False
LAcat01,,False,False,False,,,False
